Pokemon ID,Name,Variation,Variation Sort,Special,Region,National,Origin Mark,Ball,Quantity,Alpha,Gmax,Hacked,GO Stamp,Icon URL
bulbasaur,Bulbasaur,,,Starter,Kanto,0001,go,ultra,1,FALSE,FALSE,FALSE,TRUE,https://pokejungle.net/sprites/shiny/0001.png
venusaur-male,Venusaur,Male,1,Starter,Kanto,0003,go,ultra,1,FALSE,FALSE,FALSE,TRUE,https://pokejungle.net/sprites/shiny/0003.png
charmander,Charmander,,,Starter,Kanto,0004,go,strange,1,FALSE,FALSE,FALSE,FALSE,https://pokejungle.net/sprites/shiny/0004.png
charmander,Charmander,,,Starter,Kanto,0004,go,poke,2,FALSE,FALSE,FALSE,TRUE,https://pokejungle.net/sprites/shiny/0004.png
charizard,Charizard,,,Starter,Kanto,0006,go,great,1,FALSE,FALSE,FALSE,TRUE,https://pokejungle.net/sprites/shiny/0006.png
charizard,Charizard,,,Starter,Kanto,0006,go,ultra,1,FALSE,FALSE,FALSE,TRUE,https://pokejungle.net/sprites/shiny/0006.png
squirtle,Squirtle,,,Starter,Kanto,0007,go,poke,4,FALSE,FALSE,FALSE,TRUE,https://pokejungle.net/sprites/shiny/0007.png
blastoise,Blastoise,,,Starter,Kanto,0009,go,poke,1,FALSE,FALSE,FALSE,TRUE,https://pokejungle.net/sprites/shiny/0009.png
caterpie,Caterpie,,,,Kanto,0010,lets-go,poke,1,FALSE,FALSE,FALSE,FALSE,https://pokejungle.net/sprites/shiny/0010.png
pidgey,Pidgey,,,,Kanto,0016,lets-go,premier,1,FALSE,FALSE,FALSE,FALSE,https://pokejungle.net/sprites/shiny/0016.png
pidgey,Pidgey,,,,Kanto,0016,lets-go,poke,2,FALSE,FALSE,FALSE,FALSE,https://pokejungle.net/sprites/shiny/0016.png
pidgeotto,Pidgeotto,,,,Kanto,0017,lets-go,ultra,1,FALSE,FALSE,FALSE,FALSE,https://pokejungle.net/sprites/shiny/0017.png
pikachu-female,Pikachu,Female,2,,Kanto,0025,hisui,hisuian-poke,1,FALSE,FALSE,FALSE,FALSE,https://pokejungle.net/sprites/shiny/0025-f.png
raichu-alolan,Raichu,Alolan,3,,Alola,0026,paldea,premier,2,FALSE,FALSE,FALSE,FALSE,https://pokejungle.net/sprites/shiny/0026-1.png
raichu-alolan,Raichu,Alolan,3,,Alola,0026,paldea,luxury,1,FALSE,FALSE,FALSE,FALSE,https://pokejungle.net/sprites/shiny/0026-1.png
sandshrew,Sandshrew,,1,,Kanto,0027,paldea,premier,1,FALSE,FALSE,FALSE,FALSE,https://pokejungle.net/sprites/shiny/0027.png
zubat-male,Zubat,Male,1,,Kanto,0041,lets-go,premier,1,FALSE,FALSE,FALSE,FALSE,https://pokejungle.net/sprites/shiny/0041.png
zubat-female,Zubat,Female,2,,Kanto,0041,lets-go,premier,1,FALSE,FALSE,FALSE,FALSE,https://pokejungle.net/sprites/shiny/0041-f.png
paras,Paras,,,,Kanto,0046,hisui,hisuian-poke,1,FALSE,FALSE,FALSE,FALSE,https://pokejungle.net/sprites/shiny/0046.png
paras,Paras,,,,Kanto,0046,lets-go,premier,1,FALSE,FALSE,FALSE,FALSE,https://pokejungle.net/sprites/shiny/0046.png
paras,Paras,,,,Kanto,0046,hisui,hisuian-ultra,1,FALSE,FALSE,FALSE,FALSE,https://pokejungle.net/sprites/shiny/0046.png
parasect,Parasect,,,,Kanto,0047,hisui,hisuian-great,1,FALSE,FALSE,FALSE,FALSE,https://pokejungle.net/sprites/shiny/0047.png
parasect,Parasect,,,,Kanto,0047,hisui,hisuian-ultra,1,FALSE,FALSE,FALSE,FALSE,https://pokejungle.net/sprites/shiny/0047.png
psyduck,Psyduck,,,,Kanto,0054,hisui,hisuian-heavy,1,FALSE,FALSE,FALSE,FALSE,https://pokejungle.net/sprites/shiny/0054.png
psyduck,Psyduck,,,,Kanto,0054,paldea,premier,1,FALSE,FALSE,FALSE,FALSE,https://pokejungle.net/sprites/shiny/0054.png
psyduck,Psyduck,,,,Kanto,0054,hisui,hisuian-great,1,FALSE,FALSE,FALSE,FALSE,https://pokejungle.net/sprites/shiny/0054.png
kadabra-male,Kadabra,Male,1,,Kanto,0064,hisui,hisuian-great,1,FALSE,FALSE,FALSE,FALSE,https://pokejungle.net/sprites/shiny/0064.png
machop,Machop,,,,Kanto,0066,hisui,hisuian-ultra,1,FALSE,FALSE,FALSE,FALSE,https://pokejungle.net/sprites/shiny/0066.png
machop,Machop,,,,Kanto,0066,go,poke,3,FALSE,FALSE,FALSE,TRUE,https://pokejungle.net/sprites/shiny/0066.png
machop,Machop,,,,Kanto,0066,go,great,1,FALSE,FALSE,FALSE,TRUE,https://pokejungle.net/sprites/shiny/0066.png
machop,Machop,,,,Kanto,0066,go,strange,1,FALSE,FALSE,FALSE,FALSE,https://pokejungle.net/sprites/shiny/0066.png
machoke,Machoke,,,,Kanto,0067,hisui,hisuian-great,1,FALSE,FALSE,FALSE,FALSE,https://pokejungle.net/sprites/shiny/0067.png
machamp,Machamp,,,,Kanto,0068,go,ultra,1,FALSE,FALSE,FALSE,TRUE,https://pokejungle.net/sprites/shiny/0068.png
geodude,Geodude,,1,,Kanto,0074,hisui,hisuian-heavy,1,FALSE,FALSE,FALSE,FALSE,https://pokejungle.net/sprites/shiny/0074.png
graveler,Graveler,,1,,Kanto,0075,hisui,hisuian-ultra,2,FALSE,FALSE,FALSE,FALSE,https://pokejungle.net/sprites/shiny/0075.png
ponyta,Ponyta,,1,,Kanto,0077,hisui,hisuian-poke,1,FALSE,FALSE,FALSE,FALSE,https://pokejungle.net/sprites/shiny/0077.png
ponyta,Ponyta,,1,,Kanto,0077,hisui,hisuian-ultra,1,FALSE,FALSE,FALSE,FALSE,https://pokejungle.net/sprites/shiny/0077.png
ponyta-galarian,Ponyta,Galarian,2,,Galar,0077,go,poke,3,FALSE,FALSE,FALSE,TRUE,https://pokejungle.net/sprites/shiny/0077-1.png
slowpoke,Slowpoke,,1,,Kanto,0079,paldea,premier,1,FALSE,FALSE,FALSE,FALSE,https://pokejungle.net/sprites/shiny/0079.png
slowbro,Slowbro,,1,,Kanto,0080,go,ultra,1,FALSE,FALSE,FALSE,FALSE,https://pokejungle.net/sprites/shiny/0080.png
doduo-male,Doduo,Male,1,,Kanto,0084,lets-go,poke,1,FALSE,FALSE,FALSE,FALSE,https://pokejungle.net/sprites/shiny/0084.png
gastly,Gastly,,,,Kanto,0092,hisui,hisuian-ultra,1,FALSE,FALSE,FALSE,FALSE,https://pokejungle.net/sprites/shiny/0092.png
gastly,Gastly,,,,Kanto,0092,go,poke,1,FALSE,FALSE,FALSE,FALSE,https://pokejungle.net/sprites/shiny/0092.png
gengar,Gengar,,,,Kanto,0094,go,ultra,2,FALSE,FALSE,FALSE,FALSE,https://pokejungle.net/sprites/shiny/0094.png
voltorb-hisuian,Voltorb,Hisuian,2,,Hisui,0100,hisui,hisuian-great,1,FALSE,FALSE,FALSE,FALSE,https://pokejungle.net/sprites/shiny/0100-1.png
lickitung,Lickitung,,,,Kanto,0108,hisui,hisuian-ultra,1,FALSE,FALSE,FALSE,FALSE,https://pokejungle.net/sprites/shiny/0108.png
chansey,Chansey,,,,Kanto,0113,lets-go,ultra,3,FALSE,FALSE,FALSE,FALSE,https://pokejungle.net/sprites/shiny/0113.png
electabuzz,Electabuzz,,,,Kanto,0125,go,strange,2,FALSE,FALSE,FALSE,FALSE,https://pokejungle.net/sprites/shiny/0125.png
magmar,Magmar,,,,Kanto,0126,go,strange,3,FALSE,FALSE,FALSE,FALSE,https://pokejungle.net/sprites/shiny/0126.png
tauros-paldean,Tauros,Paldean,2,,Paldea,0128,paldea,premier,1,FALSE,FALSE,FALSE,FALSE,https://pokejungle.net/sprites/shiny/0128-1.png
magikarp-male,Magikarp,Male,1,,Kanto,0129,go,poke,1,FALSE,FALSE,FALSE,FALSE,https://pokejungle.net/sprites/shiny/0129.png
magikarp-female,Magikarp,Female,2,,Kanto,0129,go,poke,2,FALSE,FALSE,FALSE,FALSE,https://pokejungle.net/sprites/shiny/0129-f.png
magikarp-female,Magikarp,Female,2,,Kanto,0129,go,great,1,FALSE,FALSE,FALSE,FALSE,https://pokejungle.net/sprites/shiny/0129-f.png
gyarados-female,Gyarados,Female,2,,Kanto,0130,go,ultra,1,FALSE,FALSE,FALSE,FALSE,https://pokejungle.net/sprites/shiny/0130-f.png
porygon,Porygon,,,,Kanto,0137,go,poke,1,FALSE,FALSE,FALSE,FALSE,https://pokejungle.net/sprites/shiny/0137.png
cyndaquil,Cyndaquil,,,Starter,Johto,0155,go,poke,2,FALSE,FALSE,FALSE,TRUE,https://pokejungle.net/sprites/shiny/0155.png
totodile,Totodile,,,Starter,Johto,0158,go,luxury,3,FALSE,FALSE,FALSE,FALSE,https://pokejungle.net/sprites/shiny/0158.png
pichu,Pichu,,,Baby,Johto,0172,paldea,premier,2,FALSE,FALSE,FALSE,FALSE,https://pokejungle.net/sprites/shiny/0172.png
mareep,Mareep,,,,Johto,0179,go,poke,3,FALSE,FALSE,FALSE,FALSE,https://pokejungle.net/sprites/shiny/0179.png
ampharos,Ampharos,,,,Johto,0181,go,poke,1,FALSE,FALSE,FALSE,TRUE,https://pokejungle.net/sprites/shiny/0181.png
sudowoodo-female,Sudowoodo,Female,2,,Johto,0185,hisui,gigaton,1,FALSE,FALSE,FALSE,FALSE,https://pokejungle.net/sprites/shiny/0185-f.png
hoppip,Hoppip,,,,Johto,0187,go,poke,2,FALSE,FALSE,FALSE,TRUE,https://pokejungle.net/sprites/shiny/0187.png
hoppip,Hoppip,,,,Johto,0187,paldea,premier,2,FALSE,FALSE,FALSE,FALSE,https://pokejungle.net/sprites/shiny/0187.png
aipom-female,Aipom,Female,2,,Johto,0190,hisui,hisuian-poke,1,FALSE,FALSE,FALSE,FALSE,https://pokejungle.net/sprites/shiny/0190-f.png
yanma,Yanma,,,,Johto,0193,hisui,hisuian-poke,1,FALSE,FALSE,FALSE,FALSE,https://pokejungle.net/sprites/shiny/0193.png
wooper-paldean,Wooper,Paldean,3,,Paldea,0194,go,great,1,FALSE,FALSE,FALSE,TRUE,https://pokejungle.net/sprites/shiny/0194-1.png
wooper-paldean,Wooper,Paldean,3,,Paldea,0194,go,ultra,1,FALSE,FALSE,FALSE,TRUE,https://pokejungle.net/sprites/shiny/0194-1.png
murkrow-male,Murkrow,Male,1,,Johto,0198,paldea,dusk,1,FALSE,FALSE,FALSE,FALSE,https://pokejungle.net/sprites/shiny/0198.png
murkrow-female,Murkrow,Female,2,,Johto,0198,paldea,premier,6,FALSE,FALSE,FALSE,FALSE,https://pokejungle.net/sprites/shiny/0198-f.png
forretress,Forretress,,,,Johto,0205,paldea,premier,2,FALSE,FALSE,FALSE,FALSE,https://pokejungle.net/sprites/shiny/0205.png
dunsparce,Dunsparce,,,,Johto,0206,paldea,quick,1,FALSE,FALSE,FALSE,FALSE,https://pokejungle.net/sprites/shiny/0206.png
dunsparce,Dunsparce,,,,Johto,0206,paldea,premier,2,FALSE,FALSE,FALSE,FALSE,https://pokejungle.net/sprites/shiny/0206.png
gligar-female,Gligar,Female,2,,Johto,0207,hisui,hisuian-poke,1,FALSE,FALSE,FALSE,FALSE,https://pokejungle.net/sprites/shiny/0207-f.png
sneasel-male,Sneasel,Male,1,,Johto,0215,go,poke,1,FALSE,FALSE,FALSE,TRUE,https://pokejungle.net/sprites/shiny/0215.png
sneasel-female,Sneasel,Female,2,,Johto,0215,go,poke,1,FALSE,FALSE,FALSE,TRUE,https://pokejungle.net/sprites/shiny/0215-f.png
teddiursa,Teddiursa,,,,Johto,0216,hisui,hisuian-ultra,1,FALSE,FALSE,FALSE,FALSE,https://pokejungle.net/sprites/shiny/0216.png
teddiursa,Teddiursa,,,,Johto,0216,paldea,premier,1,FALSE,FALSE,FALSE,FALSE,https://pokejungle.net/sprites/shiny/0216.png
ursaring-male,Ursaring,Male,1,,Johto,0217,go,poke,1,FALSE,FALSE,FALSE,TRUE,https://pokejungle.net/sprites/shiny/0217.png
swinub,Swinub,,,,Johto,0220,go,poke,3,FALSE,FALSE,FALSE,TRUE,https://pokejungle.net/sprites/shiny/0220.png
swinub,Swinub,,,,Johto,0220,go,great,3,FALSE,FALSE,FALSE,TRUE,https://pokejungle.net/sprites/shiny/0220.png
piloswine-female,Piloswine,Female,2,,Johto,0221,hisui,hisuian-ultra,1,FALSE,FALSE,FALSE,FALSE,https://pokejungle.net/sprites/shiny/0221-f.png
delibird,Delibird,,,,Johto,0225,paldea,premier,1,FALSE,FALSE,FALSE,FALSE,https://pokejungle.net/sprites/shiny/0225.png
porygon2,Porygon2,,,,Johto,0233,go,poke,1,FALSE,FALSE,FALSE,FALSE,https://pokejungle.net/sprites/shiny/0233.png
elekid,Elekid,,,Baby,Johto,0239,hisui,leaden,1,FALSE,FALSE,FALSE,FALSE,https://pokejungle.net/sprites/shiny/0239.png
larvitar,Larvitar,,,,Johto,0246,go,poke,1,FALSE,FALSE,FALSE,TRUE,https://pokejungle.net/sprites/shiny/0246.png
larvitar,Larvitar,,,,Johto,0246,paldea,premier,4,FALSE,FALSE,FALSE,FALSE,https://pokejungle.net/sprites/shiny/0246.png
tyranitar,Tyranitar,,,,Johto,0248,go,ultra,1,FALSE,FALSE,FALSE,FALSE,https://pokejungle.net/sprites/shiny/0248.png
beautifly-male,Beautifly,Male,1,,Hoenn,0267,hisui,hisuian-ultra,1,FALSE,FALSE,FALSE,FALSE,https://pokejungle.net/sprites/shiny/0267.png
cascoon,Cascoon,,,,Hoenn,0268,hisui,hisuian-poke,1,FALSE,FALSE,FALSE,FALSE,https://pokejungle.net/sprites/shiny/0268.png
gardevoir,Gardevoir,,,,Hoenn,0282,go,poke,1,FALSE,FALSE,FALSE,TRUE,https://pokejungle.net/sprites/shiny/0282.png
nosepass,Nosepass,,,,Hoenn,0299,hisui,hisuian-poke,1,FALSE,FALSE,FALSE,FALSE,https://pokejungle.net/sprites/shiny/0299.png
meditite-male,Meditite,Male,1,,Hoenn,0307,paldea,premier,1,FALSE,FALSE,FALSE,FALSE,https://pokejungle.net/sprites/shiny/0307.png
roselia-male,Roselia,Male,1,,Hoenn,0315,go,poke,2,FALSE,FALSE,FALSE,TRUE,https://pokejungle.net/sprites/shiny/0315.png
roselia-female,Roselia,Female,2,,Hoenn,0315,go,poke,1,FALSE,FALSE,FALSE,TRUE,https://pokejungle.net/sprites/shiny/0315-f.png
carvanha,Carvanha,,,,Hoenn,0318,go,poke,1,FALSE,FALSE,FALSE,FALSE,https://pokejungle.net/sprites/shiny/0318.png
numel-female,Numel,Female,2,,Hoenn,0322,paldea,premier,2,FALSE,FALSE,FALSE,FALSE,https://pokejungle.net/sprites/shiny/0322-f.png
swablu,Swablu,,,,Hoenn,0333,go,great,1,FALSE,FALSE,FALSE,TRUE,https://pokejungle.net/sprites/shiny/0333.png
swablu,Swablu,,,,Hoenn,0333,go,poke,3,FALSE,FALSE,FALSE,TRUE,https://pokejungle.net/sprites/shiny/0333.png
duskull,Duskull,,,,Hoenn,0355,go,poke,3,FALSE,FALSE,FALSE,TRUE,https://pokejungle.net/sprites/shiny/0355.png
dusclops,Dusclops,,,,Hoenn,0356,hisui,hisuian-ultra,1,FALSE,FALSE,FALSE,FALSE,https://pokejungle.net/sprites/shiny/0356.png
glalie,Glalie,,,,Hoenn,0362,hisui,hisuian-ultra,1,FALSE,FALSE,FALSE,FALSE,https://pokejungle.net/sprites/shiny/0362.png
spheal,Spheal,,,,Hoenn,0363,go,poke,7,FALSE,FALSE,FALSE,TRUE,https://pokejungle.net/sprites/shiny/0363.png
bagon,Bagon,,,,Hoenn,0371,paldea,premier,2,FALSE,FALSE,FALSE,FALSE,https://pokejungle.net/sprites/shiny/0371.png
bagon,Bagon,,,,Hoenn,0371,go,ultra,2,FALSE,FALSE,FALSE,FALSE,https://pokejungle.net/sprites/shiny/0371.png
bagon,Bagon,,,,Hoenn,0371,go,poke,1,FALSE,FALSE,FALSE,FALSE,https://pokejungle.net/sprites/shiny/0371.png
salamence,Salamence,,,,Hoenn,0373,go,great,1,FALSE,FALSE,FALSE,TRUE,https://pokejungle.net/sprites/shiny/0373.png
beldum,Beldum,,,,Hoenn,0374,paldea,premier,1,FALSE,FALSE,FALSE,FALSE,https://pokejungle.net/sprites/shiny/0374.png
beldum,Beldum,,,,Hoenn,0374,paldea,timer,1,FALSE,FALSE,FALSE,FALSE,https://pokejungle.net/sprites/shiny/0374.png
metagross,Metagross,,,,Hoenn,0376,go,poke,1,FALSE,FALSE,FALSE,FALSE,https://pokejungle.net/sprites/shiny/0376.png
groudon,Groudon,,,Legendary,Hoenn,0383,go,premier,1,FALSE,FALSE,FALSE,TRUE,https://pokejungle.net/sprites/shiny/0383.png
rayquaza,Rayquaza,,,Legendary,Hoenn,0384,paldea,ultra,1,FALSE,FALSE,FALSE,FALSE,https://pokejungle.net/sprites/shiny/0384.png
starly-male,Starly,Male,1,,Sinnoh,0396,hisui,hisuian-great,1,FALSE,FALSE,FALSE,FALSE,https://pokejungle.net/sprites/shiny/0396.png
starly-male,Starly,Male,1,,Sinnoh,0396,go,poke,1,FALSE,FALSE,FALSE,TRUE,https://pokejungle.net/sprites/shiny/0396.png
starly-female,Starly,Female,2,,Sinnoh,0396,hisui,hisuian-heavy,1,FALSE,FALSE,FALSE,FALSE,https://pokejungle.net/sprites/shiny/0396-f.png
bidoof-male,Bidoof,Male,1,,Sinnoh,0399,hisui,hisuian-ultra,1,FALSE,FALSE,FALSE,FALSE,https://pokejungle.net/sprites/shiny/0399.png
bidoof-male,Bidoof,Male,1,,Sinnoh,0399,hisui,hisuian-poke,1,FALSE,FALSE,FALSE,FALSE,https://pokejungle.net/sprites/shiny/0399.png
bidoof-male,Bidoof,Male,1,,Sinnoh,0399,hisui,hisuian-heavy,1,FALSE,FALSE,FALSE,FALSE,https://pokejungle.net/sprites/shiny/0399.png
bibarel-male,Bibarel,Male,1,,Sinnoh,0400,hisui,hisuian-ultra,1,FALSE,FALSE,FALSE,FALSE,https://pokejungle.net/sprites/shiny/0400.png
kricketune-male,Kricketune,Male,1,,Sinnoh,0402,hisui,hisuian-great,1,FALSE,FALSE,FALSE,FALSE,https://pokejungle.net/sprites/shiny/0402.png
kricketune-female,Kricketune,Female,2,,Sinnoh,0402,hisui,hisuian-ultra,1,FALSE,FALSE,FALSE,FALSE,https://pokejungle.net/sprites/shiny/0402-f.png
shinx-male,Shinx,Male,1,,Sinnoh,0403,go,poke,1,FALSE,FALSE,FALSE,TRUE,https://pokejungle.net/sprites/shiny/0403.png
shinx-male,Shinx,Male,1,,Sinnoh,0403,hisui,hisuian-heavy,1,FALSE,FALSE,FALSE,FALSE,https://pokejungle.net/sprites/shiny/0403.png
shinx-male,Shinx,Male,1,,Sinnoh,0403,hisui,hisuian-poke,1,FALSE,FALSE,FALSE,FALSE,https://pokejungle.net/sprites/shiny/0403.png
shinx-female,Shinx,Female,2,,Sinnoh,0403,go,poke,2,FALSE,FALSE,FALSE,TRUE,https://pokejungle.net/sprites/shiny/0403-f.png
luxray-male,Luxray,Male,1,,Sinnoh,0405,hisui,gigaton,1,FALSE,FALSE,FALSE,FALSE,https://pokejungle.net/sprites/shiny/0405.png
luxray-male,Luxray,Male,1,,Sinnoh,0405,go,premier,1,FALSE,FALSE,FALSE,TRUE,https://pokejungle.net/sprites/shiny/0405.png
combee-male,Combee,Male,1,,Sinnoh,0415,hisui,feather,1,FALSE,FALSE,FALSE,FALSE,https://pokejungle.net/sprites/shiny/0415.png
combee-male,Combee,Male,1,,Sinnoh,0415,hisui,hisuian-heavy,1,FALSE,FALSE,FALSE,FALSE,https://pokejungle.net/sprites/shiny/0415.png
floatzel-male,Floatzel,Male,1,,Sinnoh,0419,hisui,hisuian-ultra,1,FALSE,FALSE,FALSE,FALSE,https://pokejungle.net/sprites/shiny/0419.png
drifloon,Drifloon,,,,Sinnoh,0425,hisui,hisuian-ultra,1,FALSE,FALSE,FALSE,FALSE,https://pokejungle.net/sprites/shiny/0425.png
drifloon,Drifloon,,,,Sinnoh,0425,hisui,feather,1,FALSE,FALSE,FALSE,FALSE,https://pokejungle.net/sprites/shiny/0425.png
buneary,Buneary,,,,Sinnoh,0427,hisui,hisuian-ultra,1,FALSE,FALSE,FALSE,FALSE,https://pokejungle.net/sprites/shiny/0427.png
bronzong,Bronzong,,,,Sinnoh,0437,hisui,hisuian-ultra,1,FALSE,FALSE,FALSE,FALSE,https://pokejungle.net/sprites/shiny/0437.png
happiny,Happiny,,,Baby,Sinnoh,0440,hisui,hisuian-ultra,1,FALSE,FALSE,FALSE,FALSE,https://pokejungle.net/sprites/shiny/0440.png
chatot,Chatot,,,,Sinnoh,0441,hisui,jet,1,FALSE,FALSE,FALSE,FALSE,https://pokejungle.net/sprites/shiny/0441.png
gible-male,Gible,Male,1,,Sinnoh,0443,go,poke,1,FALSE,FALSE,FALSE,TRUE,https://pokejungle.net/sprites/shiny/0443.png
gible-female,Gible,Female,2,,Sinnoh,0443,go,poke,1,FALSE,FALSE,FALSE,TRUE,https://pokejungle.net/sprites/shiny/0443-f.png
riolu,Riolu,,,Baby,Sinnoh,0447,hisui,hisuian-ultra,1,FALSE,FALSE,FALSE,FALSE,https://pokejungle.net/sprites/shiny/0447.png
riolu,Riolu,,,Baby,Sinnoh,0447,paldea,premier,2,FALSE,FALSE,FALSE,FALSE,https://pokejungle.net/sprites/shiny/0447.png
lucario,Lucario,,,,Sinnoh,0448,galar,cherish,1,FALSE,FALSE,FALSE,FALSE,https://pokejungle.net/sprites/shiny/0448.png
drapion,Drapion,,,,Sinnoh,0452,hisui,hisuian-ultra,1,FALSE,FALSE,FALSE,FALSE,https://pokejungle.net/sprites/shiny/0452.png
carnivine,Carnivine,,,,Sinnoh,0455,hisui,hisuian-poke,2,FALSE,FALSE,FALSE,FALSE,https://pokejungle.net/sprites/shiny/0455.png
finneon-female,Finneon,Female,2,,Sinnoh,0456,hisui,jet,1,FALSE,FALSE,FALSE,FALSE,https://pokejungle.net/sprites/shiny/0456-f.png
snover-male,Snover,Male,1,,Sinnoh,0459,hisui,hisuian-ultra,2,FALSE,FALSE,FALSE,FALSE,https://pokejungle.net/sprites/shiny/0459.png
snover-male,Snover,Male,1,,Sinnoh,0459,paldea,premier,1,FALSE,FALSE,FALSE,FALSE,https://pokejungle.net/sprites/shiny/0459.png
porygon-z,Porygon-Z,,,,Sinnoh,0474,go,poke,1,FALSE,FALSE,FALSE,FALSE,https://pokejungle.net/sprites/shiny/0474.png
probopass,Probopass,,,,Sinnoh,0476,hisui,gigaton,1,FALSE,FALSE,FALSE,FALSE,https://pokejungle.net/sprites/shiny/0476.png
snivy,Snivy,,,Starter,Unova,0495,go,great,1,FALSE,FALSE,FALSE,TRUE,https://pokejungle.net/sprites/shiny/0495.png
snivy,Snivy,,,Starter,Unova,0495,go,poke,2,FALSE,FALSE,FALSE,FALSE,https://pokejungle.net/sprites/shiny/0495.png
tepig,Tepig,,,Starter,Unova,0498,go,poke,3,FALSE,FALSE,FALSE,FALSE,https://pokejungle.net/sprites/shiny/0498.png
oshawott,Oshawott,,,Starter,Unova,0501,go,poke,1,FALSE,FALSE,FALSE,TRUE,https://pokejungle.net/sprites/shiny/0501.png
samurott,Samurott,,1,Starter,Unova,0503,go,poke,1,FALSE,FALSE,FALSE,TRUE,https://pokejungle.net/sprites/shiny/0503.png
timburr,Timburr,,,,Unova,0532,go,poke,2,FALSE,FALSE,FALSE,TRUE,https://pokejungle.net/sprites/shiny/0532.png
reuniclus,Reuniclus,,,,Unova,0579,paldea,premier,1,FALSE,FALSE,FALSE,FALSE,https://pokejungle.net/sprites/shiny/0579.png
vanillite,Vanillite,,,,Unova,0582,go,poke,4,FALSE,FALSE,FALSE,FALSE,https://pokejungle.net/sprites/shiny/0582.png
sawsbuck-autumn,Sawsbuck,Autumn,3,,Unova,0586,paldea,premier,1,FALSE,FALSE,FALSE,FALSE,https://pokejungle.net/sprites/shiny/0586-2.png
tynamo,Tynamo,,,,Unova,0602,go,poke,4,FALSE,FALSE,FALSE,TRUE,https://pokejungle.net/sprites/shiny/0602.png
pawniard,Pawniard,,,,Unova,0624,paldea,premier,1,FALSE,FALSE,FALSE,FALSE,https://pokejungle.net/sprites/shiny/0624.png
deino,Deino,,,,Unova,0633,go,poke,1,FALSE,FALSE,FALSE,TRUE,https://pokejungle.net/sprites/shiny/0633.png
hydreigon,Hydreigon,,,,Unova,0635,go,ultra,1,FALSE,FALSE,FALSE,TRUE,https://pokejungle.net/sprites/shiny/0635.png
kyurem,Kyurem,,,Legendary,Unova,0646,go,premier,1,FALSE,FALSE,FALSE,TRUE,https://pokejungle.net/sprites/shiny/0646.png
chespin,Chespin,,,Starter,Kalos,0650,go,ultra,1,FALSE,FALSE,FALSE,TRUE,https://pokejungle.net/sprites/shiny/0650.png
vivillon-jungle,Vivillon,Jungle,18,,Kalos,0666,paldea,premier,1,FALSE,FALSE,FALSE,FALSE,https://pokejungle.net/sprites/shiny/0666-17.png
sliggoo-hisuian,Sliggoo,Hisuian,2,,Hisui,0705,paldea,luxury,1,FALSE,FALSE,FALSE,FALSE,https://pokejungle.net/sprites/shiny/0705-1.png
rowlet,Rowlet,,,Starter,Alola,0722,go,poke,1,FALSE,FALSE,FALSE,TRUE,https://pokejungle.net/sprites/shiny/0722.png
rockruff,Rockruff,,1,,Alola,0744,go,premier,1,FALSE,FALSE,FALSE,TRUE,https://pokejungle.net/sprites/shiny/0744.png
stufful,Stufful,,,,Alola,0759,go,poke,6,FALSE,FALSE,FALSE,TRUE,https://pokejungle.net/sprites/shiny/0759.png
stufful,Stufful,,,,Alola,0759,go,ultra,1,FALSE,FALSE,FALSE,TRUE,https://pokejungle.net/sprites/shiny/0759.png
comfey,Comfey,,,,Alola,0764,paldea,premier,2,FALSE,FALSE,FALSE,FALSE,https://pokejungle.net/sprites/shiny/0764.png
mimikyu,Mimikyu,,,,Alola,0778,paldea,premier,2,FALSE,FALSE,FALSE,FALSE,https://pokejungle.net/sprites/shiny/0778.png
meltan,Meltan,,,Mythical,Alola,0808,go,ultra,1,FALSE,FALSE,FALSE,TRUE,https://pokejungle.net/sprites/shiny/0808.png
meltan,Meltan,,,Mythical,Alola,0808,go,strange,1,FALSE,FALSE,FALSE,FALSE,https://pokejungle.net/sprites/shiny/0808.png
rookidee,Rookidee,,,,Galar,0821,paldea,premier,13,FALSE,FALSE,FALSE,FALSE,https://pokejungle.net/sprites/shiny/0821.png
corvisquire,Corvisquire,,,,Galar,0822,paldea,premier,1,FALSE,FALSE,FALSE,FALSE,https://pokejungle.net/sprites/shiny/0822.png
drednaw,Drednaw,,,,Galar,0834,paldea,premier,1,FALSE,FALSE,FALSE,FALSE,https://pokejungle.net/sprites/shiny/0834.png
applin,Applin,,,,Galar,0840,paldea,premier,1,FALSE,FALSE,FALSE,FALSE,https://pokejungle.net/sprites/shiny/0840.png
silicobra,Silicobra,,,,Galar,0843,paldea,premier,1,FALSE,FALSE,FALSE,FALSE,https://pokejungle.net/sprites/shiny/0843.png
tarountula,Tarountula,,,,Paldea,0917,paldea,premier,1,FALSE,FALSE,FALSE,FALSE,https://pokejungle.net/sprites/shiny/0917.png
maushold-family-of-three,Maushold,Family of Three,1,,Paldea,0925,paldea,premier,1,FALSE,FALSE,FALSE,FALSE,https://pokejungle.net/sprites/shiny/0925.png
squawkabilly,Squawkabilly,,1,,Paldea,0931,paldea,premier,7,FALSE,FALSE,FALSE,FALSE,https://pokejungle.net/sprites/shiny/0931.png
squawkabilly,Squawkabilly,,1,,Paldea,0931,paldea,quick,1,FALSE,FALSE,FALSE,FALSE,https://pokejungle.net/sprites/shiny/0931.png
squawkabilly-blue-plumage,Squawkabilly,Blue Plumage,2,,Paldea,0931,paldea,premier,10,FALSE,FALSE,FALSE,FALSE,https://pokejungle.net/sprites/shiny/0931-1.png
squawkabilly-yellow-plumage,Squawkabilly,Yellow Plumage,3,,Paldea,0931,paldea,premier,2,FALSE,FALSE,FALSE,FALSE,https://pokejungle.net/sprites/shiny/0931-2.png
squawkabilly-white-plumage,Squawkabilly,White Plumage,4,,Paldea,0931,paldea,premier,1,FALSE,FALSE,FALSE,FALSE,https://pokejungle.net/sprites/shiny/0931-3.png
nacli,Nacli,,,,Paldea,0932,paldea,premier,1,FALSE,FALSE,FALSE,FALSE,https://pokejungle.net/sprites/shiny/0932.png
wattrel,Wattrel,,,,Paldea,0940,paldea,premier,2,FALSE,FALSE,FALSE,FALSE,https://pokejungle.net/sprites/shiny/0940.png
maschiff,Maschiff,,,,Paldea,0942,paldea,premier,1,FALSE,FALSE,FALSE,FALSE,https://pokejungle.net/sprites/shiny/0942.png
tinkatink,Tinkatink,,,,Paldea,0957,paldea,luxury,1,FALSE,FALSE,FALSE,FALSE,https://pokejungle.net/sprites/shiny/0957.png
varoom,Varoom,,,,Paldea,0965,paldea,luxury,2,FALSE,FALSE,FALSE,FALSE,https://pokejungle.net/sprites/shiny/0965.png
cyclizar,Cyclizar,,,,Paldea,0967,paldea,premier,1,FALSE,FALSE,FALSE,FALSE,https://pokejungle.net/sprites/shiny/0967.png
tatsugiri-curly-form,Tatsugiri,Curly Form,1,,Paldea,0978,paldea,premier,2,FALSE,FALSE,FALSE,FALSE,https://pokejungle.net/sprites/shiny/0978.png
tatsugiri-droopy-form,Tatsugiri,Droopy Form,2,,Paldea,0978,paldea,premier,2,FALSE,FALSE,FALSE,FALSE,https://pokejungle.net/sprites/shiny/0978-1.png
tatsugiri-stretchy-form,Tatsugiri,Stretchy Form,3,,Paldea,0978,paldea,premier,2,FALSE,FALSE,FALSE,FALSE,https://pokejungle.net/sprites/shiny/0978-2.png
dudunsparce-two-segment-form,Dudunsparce,Two-Segment Form,1,,Paldea,0982,paldea,heal,1,FALSE,FALSE,FALSE,FALSE,https://pokejungle.net/sprites/shiny/0982.png
iron-bundle,Iron Bundle,,,Paradox,Paldea,0991,paldea,premier,1,FALSE,FALSE,FALSE,FALSE,https://pokejungle.net/sprites/shiny/0991.png
iron-hands,Iron Hands,,,Paradox,Paldea,0992,paldea,premier,1,FALSE,FALSE,FALSE,FALSE,https://pokejungle.net/sprites/shiny/0992.png
iron-hands,Iron Hands,,,Paradox,Paldea,0992,paldea,ultra,1,FALSE,FALSE,FALSE,FALSE,https://pokejungle.net/sprites/shiny/0992.png
iron-hands,Iron Hands,,,Paradox,Paldea,0992,paldea,luxury,1,FALSE,FALSE,FALSE,FALSE,https://pokejungle.net/sprites/shiny/0992.png
iron-jugulis,Iron Jugulis,,,Paradox,Paldea,0993,paldea,premier,4,FALSE,FALSE,FALSE,FALSE,https://pokejungle.net/sprites/shiny/0993.png